timeStamp,elapsed,label,responseCode,responseMessage,threadName,dataType,success,failureMessage,bytes,sentBytes,grpThreads,allThreads,URL,Latency,IdleTime,Connect
1701263772406,702,HTTP Request,200,OK,Thread Group 1-2,text,true,,110983,114,10,10,https://evaly.com.bd/,354,0,285
1701263772565,552,HTTP Request,200,OK,Thread Group 1-4,text,true,,110983,114,10,10,https://evaly.com.bd/,195,0,126
1701263772390,727,HTTP Request,200,OK,Thread Group 1-1,text,true,,110983,114,10,10,https://evaly.com.bd/,370,0,301
1701263772485,637,HTTP Request,200,OK,Thread Group 1-3,text,true,,110983,114,10,10,https://evaly.com.bd/,278,0,206
1701263772725,534,HTTP Request,200,OK,Thread Group 1-6,text,true,,110983,114,12,12,https://evaly.com.bd/,170,0,108
1701263772645,632,HTTP Request,200,OK,Thread Group 1-5,text,true,,110983,114,12,12,https://evaly.com.bd/,174,0,111
1701263772805,528,HTTP Request,200,OK,Thread Group 1-7,text,true,,110983,114,13,13,https://evaly.com.bd/,173,0,111
1701263772885,526,HTTP Request,200,OK,Thread Group 1-8,text,true,,110983,114,14,14,https://evaly.com.bd/,168,0,107
1701263773109,317,HTTP Request,200,OK,Thread Group 1-2,text,true,,110983,114,14,14,https://evaly.com.bd/,64,0,0
1701263773122,328,HTTP Request,200,OK,Thread Group 1-3,text,true,,110987,114,15,15,https://evaly.com.bd/,71,0,0
1701263773117,364,HTTP Request,200,OK,Thread Group 1-4,text,true,,110983,114,15,15,https://evaly.com.bd/,62,0,0
1701263773117,370,HTTP Request,200,OK,Thread Group 1-1,text,true,,110987,114,15,15,https://evaly.com.bd/,67,0,0
1701263772964,543,HTTP Request,200,OK,Thread Group 1-9,text,true,,110981,114,15,15,https://evaly.com.bd/,182,0,111
1701263773045,515,HTTP Request,200,OK,Thread Group 1-10,text,true,,110983,114,16,16,https://evaly.com.bd/,168,0,108
1701263773260,314,HTTP Request,200,OK,Thread Group 1-6,text,true,,110982,114,16,16,https://evaly.com.bd/,60,0,0
1701263773333,321,HTTP Request,200,OK,Thread Group 1-7,text,true,,110987,114,17,17,https://evaly.com.bd/,69,0,0
1701263773123,535,HTTP Request,200,OK,Thread Group 1-11,text,true,,110987,114,17,17,https://evaly.com.bd/,178,0,111
1701263773426,271,HTTP Request,200,OK,Thread Group 1-2,text,true,,110987,114,18,18,https://evaly.com.bd/,65,0,0
1701263773277,421,HTTP Request,200,OK,Thread Group 1-5,text,true,,110983,114,18,18,https://evaly.com.bd/,59,0,0
1701263773450,274,HTTP Request,200,OK,Thread Group 1-3,text,true,,110987,114,18,18,https://evaly.com.bd/,68,0,0
1701263773203,533,HTTP Request,200,OK,Thread Group 1-12,text,true,,110987,114,18,18,https://evaly.com.bd/,174,0,110
1701263773412,326,HTTP Request,200,OK,Thread Group 1-8,text,true,,110983,114,18,18,https://evaly.com.bd/,66,0,0
1701263773283,546,HTTP Request,200,OK,Thread Group 1-13,text,true,,110982,114,19,19,https://evaly.com.bd/,175,0,109
1701263773482,389,HTTP Request,200,OK,Thread Group 1-4,text,true,,110987,114,20,20,https://evaly.com.bd/,62,0,0
1701263773561,397,HTTP Request,200,OK,Thread Group 1-10,text,true,,110981,114,21,21,https://evaly.com.bd/,68,0,0
1701263773488,480,HTTP Request,200,OK,Thread Group 1-1,text,true,,110983,114,21,21,https://evaly.com.bd/,58,0,0
1701263773724,266,HTTP Request,200,OK,Thread Group 1-3,text,true,,110987,114,21,21,https://evaly.com.bd/,69,0,0
1701263773507,633,HTTP Request,200,OK,Thread Group 1-9,text,true,,110983,114,22,22,https://evaly.com.bd/,59,0,0
1701263773658,491,HTTP Request,200,OK,Thread Group 1-11,text,true,,110987,114,22,22,https://evaly.com.bd/,62,0,0
1701263773364,843,HTTP Request,200,OK,Thread Group 1-14,text,true,,110983,114,23,23,https://evaly.com.bd/,169,0,108
1701263773830,383,HTTP Request,200,OK,Thread Group 1-13,text,true,,110987,114,23,23,https://evaly.com.bd/,73,0,0
1701263773871,387,HTTP Request,200,OK,Thread Group 1-4,text,true,,110983,114,24,24,https://evaly.com.bd/,72,0,0
1701263773654,629,HTTP Request,200,OK,Thread Group 1-7,text,true,,110984,114,23,23,https://evaly.com.bd/,58,0,0
1701263773739,590,HTTP Request,200,OK,Thread Group 1-8,text,true,,110983,114,24,24,https://evaly.com.bd/,198,0,0
1701263773683,680,HTTP Request,200,OK,Thread Group 1-18,text,true,,110987,114,24,24,https://evaly.com.bd/,179,0,112
1701263773697,680,HTTP Request,200,OK,Thread Group 1-2,text,true,,110983,114,24,24,https://evaly.com.bd/,62,0,0
1701263773523,855,HTTP Request,200,OK,Thread Group 1-16,text,true,,110987,114,23,23,https://evaly.com.bd/,174,0,107
1701263773737,702,HTTP Request,200,OK,Thread Group 1-12,text,true,,110983,114,24,24,https://evaly.com.bd/,77,0,0
1701263773574,871,HTTP Request,200,OK,Thread Group 1-6,text,true,,110993,114,24,24,https://evaly.com.bd/,64,0,0
1701263773698,747,HTTP Request,200,OK,Thread Group 1-5,text,true,,110983,114,24,24,https://evaly.com.bd/,65,0,0
1701263774213,328,HTTP Request,200,OK,Thread Group 1-13,text,true,,110983,114,25,25,https://evaly.com.bd/,74,0,0
1701263773444,1112,HTTP Request,200,OK,Thread Group 1-15,text,true,,110987,114,25,25,https://evaly.com.bd/,170,0,107
1701263773958,625,HTTP Request,200,OK,Thread Group 1-10,text,true,,110987,114,26,26,https://evaly.com.bd/,78,0,0
1701263773603,1029,HTTP Request,200,OK,Thread Group 1-17,text,true,,110987,114,26,26,https://evaly.com.bd/,170,0,108
1701263774149,494,HTTP Request,200,OK,Thread Group 1-11,text,true,,110987,114,26,26,https://evaly.com.bd/,68,0,0
1701263774140,675,HTTP Request,200,OK,Thread Group 1-9,text,true,,110983,114,29,29,https://evaly.com.bd/,98,0,0
1701263773968,855,HTTP Request,200,OK,Thread Group 1-1,text,true,,110983,114,29,29,https://evaly.com.bd/,75,0,0
1701263773844,1065,HTTP Request,200,OK,Thread Group 1-20,text,true,,110982,114,29,29,https://evaly.com.bd/,213,0,136
1701263774084,840,HTTP Request,200,OK,Thread Group 1-23,text,true,,110983,114,29,29,https://evaly.com.bd/,206,0,129
1701263773763,1199,HTTP Request,200,OK,Thread Group 1-19,text,true,,110983,114,30,30,https://evaly.com.bd/,216,0,141
1701263774329,683,HTTP Request,200,OK,Thread Group 1-8,text,true,,110983,114,30,30,https://evaly.com.bd/,65,0,0
1701263774363,649,HTTP Request,200,OK,Thread Group 1-18,text,true,,110987,114,30,30,https://evaly.com.bd/,73,0,0
1701263774379,643,HTTP Request,200,OK,Thread Group 1-16,text,true,,110983,114,29,29,https://evaly.com.bd/,70,0,0
1701263774403,664,HTTP Request,200,OK,Thread Group 1-27,text,true,,110987,114,30,30,https://evaly.com.bd/,202,0,129
1701263774244,943,HTTP Request,200,OK,Thread Group 1-25,text,true,,110983,114,31,31,https://evaly.com.bd/,303,0,224
1701263774445,746,HTTP Request,200,OK,Thread Group 1-6,text,true,,110981,114,31,31,https://evaly.com.bd/,102,0,0
1701263774164,1065,HTTP Request,200,OK,Thread Group 1-24,text,true,,110987,114,31,31,https://evaly.com.bd/,205,0,123
1701263774207,1059,HTTP Request,200,OK,Thread Group 1-14,text,true,,110987,114,31,31,https://evaly.com.bd/,73,0,0
1701263774584,734,HTTP Request,200,OK,Thread Group 1-10,text,true,,110987,114,32,32,https://evaly.com.bd/,77,0,0
1701263774439,893,HTTP Request,200,OK,Thread Group 1-12,text,true,,110983,114,31,31,https://evaly.com.bd/,70,0,0
1701263774563,853,HTTP Request,200,OK,Thread Group 1-29,text,true,,110983,114,32,32,https://evaly.com.bd/,211,0,142
1701263774445,1117,HTTP Request,200,OK,Thread Group 1-5,text,true,,110994,114,34,34,https://evaly.com.bd/,104,0,0
1701263774723,914,HTTP Request,200,OK,Thread Group 1-31,text,true,,110983,114,34,34,https://evaly.com.bd/,218,0,139
1701263774924,742,HTTP Request,200,OK,Thread Group 1-23,text,true,,110983,114,34,34,https://evaly.com.bd/,70,0,0
1701263774556,1120,HTTP Request,200,OK,Thread Group 1-15,text,true,,110987,114,34,34,https://evaly.com.bd/,79,0,0
1701263774542,1138,HTTP Request,200,OK,Thread Group 1-13,text,true,,110983,114,34,34,https://evaly.com.bd/,86,0,0
1701263774003,1679,HTTP Request,200,OK,Thread Group 1-22,text,true,,110983,114,33,33,https://evaly.com.bd/,1209,0,1134
1701263774644,1044,HTTP Request,200,OK,Thread Group 1-30,text,true,,110987,114,34,34,https://evaly.com.bd/,211,0,136
1701263774283,1407,HTTP Request,200,OK,Thread Group 1-7,text,true,,110981,114,34,34,https://evaly.com.bd/,78,0,0
1701263774803,944,HTTP Request,200,OK,Thread Group 1-32,text,true,,110983,114,33,33,https://evaly.com.bd/,333,0,139
1701263773923,1828,HTTP Request,200,OK,Thread Group 1-21,text,true,,110987,114,33,33,https://evaly.com.bd/,942,0,682
1701263774482,1290,HTTP Request,200,OK,Thread Group 1-28,text,true,,110987,114,34,34,https://evaly.com.bd/,224,0,133
1701263774633,1206,HTTP Request,200,OK,Thread Group 1-17,text,true,,110982,114,34,34,https://evaly.com.bd/,99,0,0
1701263775022,832,HTTP Request,200,OK,Thread Group 1-16,text,true,,110983,114,35,35,https://evaly.com.bd/,76,0,0
1701263774643,1260,HTTP Request,200,OK,Thread Group 1-11,text,true,,110987,114,35,35,https://evaly.com.bd/,209,0,0
1701263774963,969,HTTP Request,200,OK,Thread Group 1-34,text,true,,110987,114,35,35,https://evaly.com.bd/,210,0,136
1701263775332,631,HTTP Request,200,OK,Thread Group 1-12,text,true,,110982,114,35,35,https://evaly.com.bd/,86,0,0
1701263775283,776,HTTP Request,200,OK,Thread Group 1-38,text,true,,110983,114,35,35,https://evaly.com.bd/,210,0,135
1701263775187,898,HTTP Request,200,OK,Thread Group 1-25,text,true,,110983,114,36,36,https://evaly.com.bd/,76,0,0
1701263775012,1103,HTTP Request,200,OK,Thread Group 1-18,text,true,,110982,114,36,36,https://evaly.com.bd/,75,0,0
1701263775067,1182,HTTP Request,200,OK,Thread Group 1-27,text,true,,110983,114,38,38,https://evaly.com.bd/,79,0,0
1701263774909,1401,HTTP Request,200,OK,Thread Group 1-20,text,true,,110983,114,38,38,https://evaly.com.bd/,74,0,0
1701263775637,695,HTTP Request,200,OK,Thread Group 1-31,text,true,,110987,114,39,39,https://evaly.com.bd/,76,0,0
1701263775124,1211,HTTP Request,200,OK,Thread Group 1-36,text,true,,110987,114,39,39,https://evaly.com.bd/,206,0,135
1701263774883,1513,HTTP Request,200,OK,Thread Group 1-33,text,true,,110983,114,39,39,https://evaly.com.bd/,567,0,490
1701263775751,774,HTTP Request,200,OK,Thread Group 1-21,text,true,,110983,114,41,41,https://evaly.com.bd/,70,0,0
1701263775843,717,HTTP Request,200,OK,Thread Group 1-45,text,true,,110983,114,41,41,https://evaly.com.bd/,212,0,131
1701263775524,1064,HTTP Request,200,OK,Thread Group 1-41,text,true,,110983,114,42,42,https://evaly.com.bd/,204,0,136
1701263775203,1407,HTTP Request,200,OK,Thread Group 1-37,text,true,,110988,114,42,42,https://evaly.com.bd/,592,0,513
1701263774816,1853,HTTP Request,200,OK,Thread Group 1-9,text,true,,110981,114,43,43,https://evaly.com.bd/,624,0,0
1701263775667,1060,HTTP Request,200,OK,Thread Group 1-23,text,true,,110981,114,43,43,https://evaly.com.bd/,64,0,0
1701263775683,1116,HTTP Request,200,OK,Thread Group 1-22,text,true,,110983,114,43,43,https://evaly.com.bd/,81,0,0
1701263775603,1207,HTTP Request,200,OK,Thread Group 1-42,text,true,,110987,114,44,44,https://evaly.com.bd/,220,0,124
1701263775443,1391,HTTP Request,200,OK,Thread Group 1-40,text,true,,110983,114,44,44,https://evaly.com.bd/,316,0,139
1701263775416,1427,HTTP Request,200,OK,Thread Group 1-29,text,true,,110987,114,44,44,https://evaly.com.bd/,79,0,0
1701263775747,1109,HTTP Request,200,OK,Thread Group 1-32,text,true,,110987,114,44,44,https://evaly.com.bd/,85,0,0
1701263775923,966,HTTP Request,200,OK,Thread Group 1-46,text,true,,110983,114,45,45,https://evaly.com.bd/,211,0,138
1701263775676,1244,HTTP Request,200,OK,Thread Group 1-15,text,true,,110987,114,45,45,https://evaly.com.bd/,68,0,0
1701263775229,1698,HTTP Request,200,OK,Thread Group 1-24,text,true,,110990,114,45,45,https://evaly.com.bd/,205,0,0
1701263775840,1198,HTTP Request,200,OK,Thread Group 1-17,text,true,,110981,114,46,46,https://evaly.com.bd/,71,0,0
1701263775363,1704,HTTP Request,200,OK,Thread Group 1-39,text,true,,110982,114,47,47,https://evaly.com.bd/,1065,0,938
1701263775855,1222,HTTP Request,200,OK,Thread Group 1-16,text,true,,110983,114,47,47,https://evaly.com.bd/,82,0,0
1701263775773,1526,HTTP Request,200,OK,Thread Group 1-28,text,true,,110987,114,49,49,https://evaly.com.bd/,72,0,0
1701263776115,1187,HTTP Request,200,OK,Thread Group 1-18,text,true,,110983,114,49,49,https://evaly.com.bd/,74,0,0
1701263776561,822,HTTP Request,200,OK,Thread Group 1-45,text,true,,110983,114,49,49,https://evaly.com.bd/,71,0,0
1701263774963,2442,HTTP Request,200,OK,Thread Group 1-19,text,true,,110983,114,49,49,https://evaly.com.bd/,83,0,0
1701263775043,2458,HTTP Request,200,OK,Thread Group 1-35,text,true,,110983,114,50,50,https://evaly.com.bd/,769,0,645
1701263776004,1523,HTTP Request,200,OK,Thread Group 1-47,text,true,,110983,114,51,51,https://evaly.com.bd/,650,0,522
1701263776332,1222,HTTP Request,200,OK,Thread Group 1-31,text,true,,110987,114,51,51,https://evaly.com.bd/,70,0,0
1701263776059,1508,HTTP Request,200,OK,Thread Group 1-38,text,true,,110983,114,51,51,https://evaly.com.bd/,80,0,0
1701263776250,1349,HTTP Request,200,OK,Thread Group 1-27,text,true,,110982,114,51,51,https://evaly.com.bd/,75,0,0
1701263775683,1928,HTTP Request,200,OK,Thread Group 1-43,text,true,,110981,114,52,52,https://evaly.com.bd/,660,0,459
1701263776085,1576,HTTP Request,200,OK,Thread Group 1-25,text,true,,110981,114,52,52,https://evaly.com.bd/,73,0,0
1701263776484,1191,HTTP Request,200,OK,Thread Group 1-53,text,true,,110983,114,52,52,https://evaly.com.bd/,324,0,133
1701263776588,1087,HTTP Request,200,OK,Thread Group 1-41,text,true,,110987,114,52,52,https://evaly.com.bd/,138,0,0
1701263776643,1091,HTTP Request,200,OK,Thread Group 1-55,text,true,,110983,114,53,53,https://evaly.com.bd/,210,0,137
1701263775932,1809,HTTP Request,200,OK,Thread Group 1-34,text,true,,110987,114,53,53,https://evaly.com.bd/,73,0,0
1701263776310,1439,HTTP Request,200,OK,Thread Group 1-20,text,true,,110987,114,53,53,https://evaly.com.bd/,203,0,0
1701263775763,2104,HTTP Request,200,OK,Thread Group 1-44,text,true,,110987,114,55,55,https://evaly.com.bd/,1210,0,1135
1701263775688,2211,HTTP Request,200,OK,Thread Group 1-30,text,true,,110987,114,55,55,https://evaly.com.bd/,72,0,0
1701263776928,1027,HTTP Request,200,OK,Thread Group 1-24,text,true,,110987,114,56,56,https://evaly.com.bd/,79,0,0
1701263777203,910,HTTP Request,200,OK,Thread Group 1-62,text,true,,110983,114,58,58,https://evaly.com.bd/,206,0,130
1701263777067,1069,HTTP Request,200,OK,Thread Group 1-39,text,true,,110983,114,58,58,https://evaly.com.bd/,72,0,0
1701263774323,3819,HTTP Request,200,OK,Thread Group 1-26,text,true,,110983,114,58,58,https://evaly.com.bd/,643,0,476
1701263776834,1346,HTTP Request,200,OK,Thread Group 1-40,text,true,,110983,114,59,59,https://evaly.com.bd/,75,0,0
1701263776163,2062,HTTP Request,200,OK,Thread Group 1-49,text,true,,110988,114,59,59,https://evaly.com.bd/,212,0,134
1701263776243,2024,HTTP Request,200,OK,Thread Group 1-50,text,true,,110983,114,60,60,https://evaly.com.bd/,1208,0,1134
1701263777364,912,HTTP Request,200,OK,Thread Group 1-64,text,true,,110983,114,60,60,https://evaly.com.bd/,209,0,134
1701263776964,1319,HTTP Request,200,OK,Thread Group 1-59,text,true,,110987,114,60,60,https://evaly.com.bd/,213,0,139
1701263777384,976,HTTP Request,200,OK,Thread Group 1-45,text,true,,110983,114,61,61,https://evaly.com.bd/,74,0,0
1701263776921,1441,HTTP Request,200,OK,Thread Group 1-15,text,true,,110983,114,61,61,https://evaly.com.bd/,74,0,0
1701263776803,1608,HTTP Request,200,OK,Thread Group 1-57,text,true,,110981,114,61,61,https://evaly.com.bd/,425,0,232
1701263776611,1802,HTTP Request,200,OK,Thread Group 1-37,text,true,,110982,114,61,61,https://evaly.com.bd/,74,0,0
1701263776526,1986,HTTP Request,200,OK,Thread Group 1-21,text,true,,110988,114,62,62,https://evaly.com.bd/,76,0,0
1701263777299,1331,HTTP Request,200,OK,Thread Group 1-28,text,true,,110983,114,63,63,https://evaly.com.bd/,140,0,0
1701263776396,2352,HTTP Request,200,OK,Thread Group 1-33,text,true,,110983,114,65,65,https://evaly.com.bd/,132,0,0
1701263776723,2120,HTTP Request,200,OK,Thread Group 1-56,text,true,,110983,114,66,66,https://evaly.com.bd/,207,0,130
1701263776562,2291,HTTP Request,200,OK,Thread Group 1-54,text,true,,110983,114,66,66,https://evaly.com.bd/,556,0,401
1701263777523,1369,HTTP Request,200,OK,Thread Group 1-66,text,true,,110983,114,67,67,https://evaly.com.bd/,212,0,135
1701263778136,774,HTTP Request,200,OK,Thread Group 1-39,text,true,,110983,114,67,67,https://evaly.com.bd/,72,0,0
1701263777662,1258,HTTP Request,200,OK,Thread Group 1-25,text,true,,110982,114,67,67,https://evaly.com.bd/,77,0,0
1701263776323,2623,HTTP Request,200,OK,Thread Group 1-51,text,true,,110983,114,66,66,https://evaly.com.bd/,1212,0,1135
1701263776844,2132,HTTP Request,200,OK,Thread Group 1-29,text,true,,110981,114,67,67,https://evaly.com.bd/,73,0,0
1701263776799,2186,HTTP Request,200,OK,Thread Group 1-22,text,true,,110987,114,67,67,https://evaly.com.bd/,89,0,0
1701263777955,1066,HTTP Request,200,OK,Thread Group 1-24,text,true,,110983,114,67,67,https://evaly.com.bd/,79,0,0
1701263777554,1675,HTTP Request,200,OK,Thread Group 1-31,text,true,,110983,114,69,69,https://evaly.com.bd/,73,0,0
1701263776811,2440,HTTP Request,200,OK,Thread Group 1-42,text,true,,110981,114,68,68,https://evaly.com.bd/,87,0,0
1701263776336,2943,HTTP Request,200,OK,Thread Group 1-36,text,true,,110983,114,68,68,https://evaly.com.bd/,204,0,0
1701263776889,2394,HTTP Request,200,OK,Thread Group 1-46,text,true,,110990,114,69,69,https://evaly.com.bd/,76,0,0
1701263778225,1181,HTTP Request,200,OK,Thread Group 1-49,text,true,,110983,114,70,70,https://evaly.com.bd/,78,0,0
1701263777675,1744,HTTP Request,200,OK,Thread Group 1-53,text,true,,110983,114,70,70,https://evaly.com.bd/,76,0,0
1701263777599,1829,HTTP Request,200,OK,Thread Group 1-27,text,true,,110983,114,70,70,https://evaly.com.bd/,74,0,0
1701263776884,2566,HTTP Request,200,OK,Thread Group 1-58,text,true,,110983,114,70,70,https://evaly.com.bd/,347,0,145
1701263777749,1716,HTTP Request,200,OK,Thread Group 1-20,text,true,,110983,114,70,70,https://evaly.com.bd/,188,0,0
1701263778413,1131,HTTP Request,200,OK,Thread Group 1-37,text,true,,110983,114,70,70,https://evaly.com.bd/,102,0,0
1701263777039,2507,HTTP Request,200,OK,Thread Group 1-17,text,true,,110988,114,70,70,https://evaly.com.bd/,77,0,0
1701263777043,2523,HTTP Request,200,OK,Thread Group 1-60,text,true,,110983,114,69,69,https://evaly.com.bd/,1209,0,1134
1701263777282,2356,HTTP Request,200,OK,Thread Group 1-63,text,true,,110982,114,70,70,https://evaly.com.bd/,573,0,490
1701263777923,1798,HTTP Request,200,OK,Thread Group 1-71,text,true,,110983,114,71,71,https://evaly.com.bd/,628,0,362
1701263776404,3335,HTTP Request,200,OK,Thread Group 1-52,text,true,,110987,114,71,71,https://evaly.com.bd/,870,0,133
1701263777444,2403,HTTP Request,200,OK,Thread Group 1-65,text,true,,110983,114,73,73,https://evaly.com.bd/,882,0,489
1701263778403,1454,HTTP Request,200,OK,Thread Group 1-77,text,true,,110983,114,73,73,https://evaly.com.bd/,494,0,291
1701263778164,1720,HTTP Request,200,OK,Thread Group 1-74,text,true,,110983,114,73,73,https://evaly.com.bd/,538,0,138
1701263777123,2795,HTTP Request,200,OK,Thread Group 1-61,text,true,,110987,114,73,73,https://evaly.com.bd/,700,0,490
1701263778004,1924,HTTP Request,200,OK,Thread Group 1-72,text,true,,110987,114,74,74,https://evaly.com.bd/,1209,0,1131
1701263777842,2126,HTTP Request,200,OK,Thread Group 1-70,text,true,,110983,114,74,74,https://evaly.com.bd/,850,0,504
1701263777867,2122,HTTP Request,200,OK,Thread Group 1-44,text,true,,110983,114,74,74,https://evaly.com.bd/,73,0,0
1701263778267,1866,HTTP Request,200,OK,Thread Group 1-50,text,true,,110983,114,76,76,https://evaly.com.bd/,79,0,0
1701263778985,1179,HTTP Request,200,OK,Thread Group 1-22,text,true,,110983,114,77,77,https://evaly.com.bd/,79,0,0
1701263777742,2550,HTTP Request,200,OK,Thread Group 1-34,text,true,,110983,114,77,77,https://evaly.com.bd/,163,0,0
1701263778892,1409,HTTP Request,200,OK,Thread Group 1-66,text,true,,110983,114,77,77,https://evaly.com.bd/,75,0,0
1701263777734,2607,HTTP Request,200,OK,Thread Group 1-55,text,true,,110983,114,77,77,https://evaly.com.bd/,77,0,0
1701263778804,1601,HTTP Request,200,OK,Thread Group 1-82,text,true,,110983,114,77,77,https://evaly.com.bd/,213,0,137
1701263776856,3619,HTTP Request,200,OK,Thread Group 1-32,text,true,,110981,114,77,77,https://evaly.com.bd/,346,0,0
1701263778276,2216,HTTP Request,200,OK,Thread Group 1-64,text,true,,110983,114,77,77,https://evaly.com.bd/,73,0,0
1701263778911,1596,HTTP Request,200,OK,Thread Group 1-39,text,true,,110983,114,77,77,https://evaly.com.bd/,75,0,0
1701263778946,1655,HTTP Request,200,OK,Thread Group 1-51,text,true,,110983,114,76,76,https://evaly.com.bd/,348,0,0
1701263778283,2340,HTTP Request,200,OK,Thread Group 1-59,text,true,,110983,114,76,76,https://evaly.com.bd/,150,0,0
1701263779420,1204,HTTP Request,200,OK,Thread Group 1-53,text,true,,110983,114,76,76,https://evaly.com.bd/,81,0,0
1701263779567,1082,HTTP Request,200,OK,Thread Group 1-60,text,true,,110983,114,76,76,https://evaly.com.bd/,74,0,0
1701263778630,2039,HTTP Request,200,OK,Thread Group 1-28,text,true,,110983,114,76,76,https://evaly.com.bd/,342,0,0
1701263778180,2514,HTTP Request,200,OK,Thread Group 1-40,text,true,,110990,114,75,75,https://evaly.com.bd/,160,0,0
1701263777528,3193,HTTP Request,200,OK,Thread Group 1-47,text,true,,110983,114,75,75,https://evaly.com.bd/,73,0,0
1701263779603,1135,HTTP Request,200,OK,Thread Group 1-92,text,true,,110983,114,75,75,https://evaly.com.bd/,334,0,147
1701263777502,3247,HTTP Request,200,OK,Thread Group 1-35,text,true,,110983,114,75,75,https://evaly.com.bd/,369,0,0
1701263778482,2293,HTTP Request,200,OK,Thread Group 1-78,text,true,,110983,114,75,75,https://evaly.com.bd/,766,0,639
1701263778243,2645,HTTP Request,200,OK,Thread Group 1-75,text,true,,110983,114,75,75,https://evaly.com.bd/,1569,0,1482
1701263779844,1057,HTTP Request,200,OK,Thread Group 1-95,text,true,,110983,114,75,75,https://evaly.com.bd/,216,0,139
1701263779545,1368,HTTP Request,200,OK,Thread Group 1-37,text,true,,110993,114,75,75,https://evaly.com.bd/,76,0,0
1701263779444,1567,HTTP Request,200,OK,Thread Group 1-90,text,true,,110983,114,74,74,https://evaly.com.bd/,335,0,134
1701263778883,2132,HTTP Request,200,OK,Thread Group 1-83,text,true,,110983,114,74,74,https://evaly.com.bd/,1220,0,1141
1701263779639,1410,HTTP Request,200,OK,Thread Group 1-63,text,true,,110983,114,74,74,https://evaly.com.bd/,75,0,0
1701263779364,1732,HTTP Request,200,OK,Thread Group 1-89,text,true,,110983,114,74,74,https://evaly.com.bd/,559,0,483
1701263778963,2176,HTTP Request,200,OK,Thread Group 1-84,text,true,,110983,114,74,74,https://evaly.com.bd/,215,0,138
1701263779989,1187,HTTP Request,200,OK,Thread Group 1-44,text,true,,110983,114,74,74,https://evaly.com.bd/,83,0,0
1701263777567,3609,HTTP Request,200,OK,Thread Group 1-38,text,true,,110983,114,74,74,https://evaly.com.bd/,76,0,0
1701263778114,3214,HTTP Request,200,OK,Thread Group 1-62,text,true,,110982,114,74,74,https://evaly.com.bd/,217,0,0
1701263780302,1097,HTTP Request,200,OK,Thread Group 1-66,text,true,,110983,114,74,74,https://evaly.com.bd/,78,0,0
1701263779884,1590,HTTP Request,200,OK,Thread Group 1-74,text,true,,110983,114,74,74,https://evaly.com.bd/,75,0,0
1701263779283,2333,HTTP Request,200,OK,Thread Group 1-46,text,true,,110983,114,74,74,https://evaly.com.bd/,671,0,0
1701263778844,2780,HTTP Request,200,OK,Thread Group 1-56,text,true,,110983,114,74,74,https://evaly.com.bd/,213,0,0
1701263780003,1668,HTTP Request,200,OK,Thread Group 1-97,text,true,,110983,114,74,74,https://evaly.com.bd/,311,0,238
1701263776727,4944,HTTP Request,200,OK,Thread Group 1-23,text,true,,110981,114,74,74,https://evaly.com.bd/,79,0,0
1701263777675,4007,HTTP Request,200,OK,Thread Group 1-41,text,true,,110989,114,73,73,https://evaly.com.bd/,205,0,0
1701263780292,1395,HTTP Request,200,OK,Thread Group 1-34,text,true,,110983,114,73,73,https://evaly.com.bd/,137,0,0
1701263779928,1797,HTTP Request,200,OK,Thread Group 1-72,text,true,,110990,114,72,72,https://evaly.com.bd/,212,0,0
1701263779924,1815,HTTP Request,200,OK,Thread Group 1-96,text,true,,110982,114,72,72,https://evaly.com.bd/,322,0,246
1701263779523,2216,HTTP Request,200,OK,Thread Group 1-91,text,true,,110983,114,72,72,https://evaly.com.bd/,751,0,617
1701263778563,3225,HTTP Request,200,OK,Thread Group 1-79,text,true,,110983,114,72,72,https://evaly.com.bd/,306,0,227
1701263781096,728,HTTP Request,200,OK,Thread Group 1-89,text,true,,110987,114,72,72,https://evaly.com.bd/,75,0,0
1701263777602,4264,HTTP Request,200,OK,Thread Group 1-67,text,true,,110983,114,72,72,https://evaly.com.bd/,551,0,131
1701263778724,3170,HTTP Request,200,OK,Thread Group 1-81,text,true,,110983,114,72,72,https://evaly.com.bd/,1351,0,1145
1701263778084,3821,HTTP Request,200,OK,Thread Group 1-73,text,true,,110983,114,72,72,https://evaly.com.bd/,370,0,286
1701263779406,2590,HTTP Request,200,OK,Thread Group 1-49,text,true,,110983,114,72,72,https://evaly.com.bd/,73,0,0
1701263777611,4407,HTTP Request,200,OK,Thread Group 1-43,text,true,,110983,114,72,72,https://evaly.com.bd/,80,0,0
1701263779203,2885,HTTP Request,200,OK,Thread Group 1-87,text,true,,110983,114,72,72,https://evaly.com.bd/,779,0,644
1701263780405,1684,HTTP Request,200,OK,Thread Group 1-82,text,true,,110983,114,72,72,https://evaly.com.bd/,136,0,0
1701263781399,728,HTTP Request,200,OK,Thread Group 1-66,text,true,,110983,114,72,72,https://evaly.com.bd/,71,0,0
1701263777899,4280,HTTP Request,200,OK,Thread Group 1-30,text,true,,110982,114,71,71,https://evaly.com.bd/,165,0,0
1701263779857,2326,HTTP Request,200,OK,Thread Group 1-77,text,true,,110983,114,71,71,https://evaly.com.bd/,332,0,0
1701263780133,2065,HTTP Request,200,OK,Thread Group 1-50,text,true,,110983,114,71,71,https://evaly.com.bd/,79,0,0
1701263775266,6933,HTTP Request,200,OK,Thread Group 1-14,text,true,,110983,114,71,71,https://evaly.com.bd/,614,0,0
1701263780721,1498,HTTP Request,200,OK,Thread Group 1-47,text,true,,110990,114,71,71,https://evaly.com.bd/,139,0,0
1701263778643,3606,HTTP Request,200,OK,Thread Group 1-80,text,true,,110983,114,71,71,https://evaly.com.bd/,1340,0,1142
1701263781176,1100,HTTP Request,200,OK,Thread Group 1-44,text,true,,110983,114,71,71,https://evaly.com.bd/,138,0,0
1701263780694,1590,HTTP Request,200,OK,Thread Group 1-40,text,true,,110983,114,70,70,https://evaly.com.bd/,138,0,0
1701263777683,4663,HTTP Request,200,OK,Thread Group 1-68,text,true,,110983,114,69,69,https://evaly.com.bd/,430,0,236
1701263778748,3622,HTTP Request,200,OK,Thread Group 1-33,text,true,,110983,114,69,69,https://evaly.com.bd/,77,0,0
1701263777405,5005,HTTP Request,200,OK,Thread Group 1-19,text,true,,110983,114,69,69,https://evaly.com.bd/,202,0,0
1701263779968,2459,HTTP Request,200,OK,Thread Group 1-70,text,true,,110983,114,69,69,https://evaly.com.bd/,76,0,0
1701263779763,2694,HTTP Request,200,OK,Thread Group 1-94,text,true,,110983,114,69,69,https://evaly.com.bd/,1977,0,1470
1701263779122,3377,HTTP Request,200,OK,Thread Group 1-86,text,true,,110983,114,69,69,https://evaly.com.bd/,1885,0,1754
1701263780163,2390,HTTP Request,200,OK,Thread Group 1-99,text,true,,110983,114,69,69,https://evaly.com.bd/,711,0,583
1701263780901,1695,HTTP Request,200,OK,Thread Group 1-95,text,true,,110983,114,69,69,https://evaly.com.bd/,72,0,0
1701263780475,2178,HTTP Request,200,OK,Thread Group 1-32,text,true,,110983,114,69,69,https://evaly.com.bd/,142,0,0
1701263781139,1516,HTTP Request,200,OK,Thread Group 1-84,text,true,,110983,114,68,68,https://evaly.com.bd/,141,0,0
1701263778854,3832,HTTP Request,200,OK,Thread Group 1-54,text,true,,110983,114,68,68,https://evaly.com.bd/,481,0,0
1701263781049,1688,HTTP Request,200,OK,Thread Group 1-63,text,true,,110983,114,68,68,https://evaly.com.bd/,77,0,0
1701263781011,1733,HTTP Request,200,OK,Thread Group 1-90,text,true,,110983,114,68,68,https://evaly.com.bd/,73,0,0
1701263780888,1886,HTTP Request,200,OK,Thread Group 1-75,text,true,,110983,114,68,68,https://evaly.com.bd/,71,0,0
1701263779683,3136,HTTP Request,200,OK,Thread Group 1-93,text,true,,110982,114,68,68,https://evaly.com.bd/,1482,0,1288
1701263780602,2277,HTTP Request,200,OK,Thread Group 1-51,text,true,,110983,114,68,68,https://evaly.com.bd/,666,0,0
1701263778142,4766,HTTP Request,200,OK,Thread Group 1-26,text,true,,110983,114,68,68,https://evaly.com.bd/,180,0,0
1701263780738,2183,HTTP Request,200,OK,Thread Group 1-92,text,true,,110983,114,68,68,https://evaly.com.bd/,73,0,0
1701263778411,4518,HTTP Request,200,OK,Thread Group 1-57,text,true,,110983,114,68,68,https://evaly.com.bd/,72,0,0
1701263780623,2346,HTTP Request,200,OK,Thread Group 1-59,text,true,,110983,114,68,68,https://evaly.com.bd/,203,0,0
1701263778323,4651,HTTP Request,200,OK,Thread Group 1-76,text,true,,110982,114,68,68,https://evaly.com.bd/,488,0,412
1701263779043,4004,HTTP Request,200,OK,Thread Group 1-85,text,true,,110983,114,68,68,https://evaly.com.bd/,2425,0,2294
1701263781671,1399,HTTP Request,200,OK,Thread Group 1-97,text,true,,110983,114,68,68,https://evaly.com.bd/,80,0,0
1701263781739,1340,HTTP Request,200,OK,Thread Group 1-96,text,true,,110983,114,68,68,https://evaly.com.bd/,82,0,0
1701263781788,1301,HTTP Request,200,OK,Thread Group 1-79,text,true,,110983,114,68,68,https://evaly.com.bd/,76,0,0
1701263781726,1468,HTTP Request,200,OK,Thread Group 1-72,text,true,,110983,114,68,68,https://evaly.com.bd/,80,0,0
1701263777763,5437,HTTP Request,200,OK,Thread Group 1-69,text,true,,110983,114,68,68,https://evaly.com.bd/,2613,0,2282
1701263781739,1590,HTTP Request,200,OK,Thread Group 1-91,text,true,,110983,114,68,68,https://evaly.com.bd/,80,0,0
1701263779739,3790,HTTP Request,200,OK,Thread Group 1-52,text,true,,110983,114,68,68,https://evaly.com.bd/,219,0,0
1701263782198,1357,HTTP Request,200,OK,Thread Group 1-50,text,true,,110991,114,68,68,https://evaly.com.bd/,73,0,0
1701263781328,2241,HTTP Request,200,OK,Thread Group 1-62,text,true,,110982,114,67,67,https://evaly.com.bd/,75,0,0
1701263778976,4593,HTTP Request,200,OK,Thread Group 1-29,text,true,,110983,114,67,67,https://evaly.com.bd/,749,0,0
1701263780749,2853,HTTP Request,200,OK,Thread Group 1-35,text,true,,110982,114,66,66,https://evaly.com.bd/,140,0,0
1701263782457,1174,HTTP Request,200,OK,Thread Group 1-94,text,true,,110981,114,66,66,https://evaly.com.bd/,74,0,0
1701263782346,1305,HTTP Request,200,OK,Thread Group 1-68,text,true,,110983,114,66,66,https://evaly.com.bd/,74,0,0
1701263779283,4413,HTTP Request,200,OK,Thread Group 1-88,text,true,,110983,114,66,66,https://evaly.com.bd/,557,0,476
1701263779721,4015,HTTP Request,200,OK,Thread Group 1-71,text,true,,110983,114,66,66,https://evaly.com.bd/,82,0,0
1701263779918,3854,HTTP Request,200,OK,Thread Group 1-61,text,true,,110983,114,66,66,https://evaly.com.bd/,80,0,0
1701263781474,2385,HTTP Request,200,OK,Thread Group 1-74,text,true,,110983,114,66,66,https://evaly.com.bd/,712,0,0
1701263781894,1967,HTTP Request,200,OK,Thread Group 1-81,text,true,,110983,114,66,66,https://evaly.com.bd/,139,0,0
1701263782596,1274,HTTP Request,200,OK,Thread Group 1-95,text,true,,110983,114,66,66,https://evaly.com.bd/,138,0,0
1701263782929,1015,HTTP Request,200,OK,Thread Group 1-57,text,true,,110982,114,66,66,https://evaly.com.bd/,180,0,0
1701263782088,1876,HTTP Request,200,OK,Thread Group 1-87,text,true,,110983,114,66,66,https://evaly.com.bd/,272,0,0
1701263781906,2149,HTTP Request,200,OK,Thread Group 1-73,text,true,,110983,114,66,66,https://evaly.com.bd/,363,0,0
1701263782819,1245,HTTP Request,200,OK,Thread Group 1-93,text,true,,110987,114,66,66,https://evaly.com.bd/,76,0,0
1701263782738,1351,HTTP Request,200,OK,Thread Group 1-63,text,true,,110987,114,66,66,https://evaly.com.bd/,74,0,0
1701263781176,2933,HTTP Request,200,OK,Thread Group 1-38,text,true,,110983,114,65,65,https://evaly.com.bd/,495,0,0
1701263779847,4337,HTTP Request,200,OK,Thread Group 1-65,text,true,,110982,114,64,64,https://evaly.com.bd/,608,0,0
1701263782655,1536,HTTP Request,200,OK,Thread Group 1-84,text,true,,110983,114,64,64,https://evaly.com.bd/,173,0,0
1701263781616,2627,HTTP Request,200,OK,Thread Group 1-46,text,true,,110983,114,64,64,https://evaly.com.bd/,72,0,0
1701263782018,2419,HTTP Request,200,OK,Thread Group 1-43,text,true,,110983,114,63,63,https://evaly.com.bd/,80,0,0
1701263782183,2262,HTTP Request,200,OK,Thread Group 1-77,text,true,,110983,114,63,63,https://evaly.com.bd/,75,0,0
1701263783200,1270,HTTP Request,200,OK,Thread Group 1-69,text,true,,110983,114,63,63,https://evaly.com.bd/,202,0,0
1701263780492,4034,HTTP Request,200,OK,Thread Group 1-64,text,true,,110983,114,63,63,https://evaly.com.bd/,241,0,0
1701263779251,5285,HTTP Request,200,OK,Thread Group 1-42,text,true,,110983,114,63,63,https://evaly.com.bd/,1241,0,0
1701263780650,3889,HTTP Request,200,OK,Thread Group 1-60,text,true,,110983,114,63,63,https://evaly.com.bd/,75,0,0
1701263782219,2347,HTTP Request,200,OK,Thread Group 1-47,text,true,,110983,114,63,63,https://evaly.com.bd/,477,0,0
1701263781625,2943,HTTP Request,200,OK,Thread Group 1-56,text,true,,110983,114,62,62,https://evaly.com.bd/,76,0,0
1701263782744,1830,HTTP Request,200,OK,Thread Group 1-90,text,true,,110983,114,62,62,https://evaly.com.bd/,313,0,0
1701263783871,736,HTTP Request,200,OK,Thread Group 1-95,text,true,,110983,114,62,62,https://evaly.com.bd/,72,0,0
1701263783070,1555,HTTP Request,200,OK,Thread Group 1-97,text,true,,110983,114,61,61,https://evaly.com.bd/,70,0,0
1701263780244,4429,HTTP Request,200,OK,Thread Group 1-100,text,true,,110983,114,61,61,https://evaly.com.bd/,2677,0,2482
1701263782974,1740,HTTP Request,200,OK,Thread Group 1-76,text,true,,110983,114,61,61,https://evaly.com.bd/,70,0,0
1701263783079,1648,HTTP Request,200,OK,Thread Group 1-96,text,true,,110983,114,61,61,https://evaly.com.bd/,75,0,0
1701263781824,2913,HTTP Request,200,OK,Thread Group 1-89,text,true,,110983,114,61,61,https://evaly.com.bd/,79,0,0
1701263783945,791,HTTP Request,200,OK,Thread Group 1-57,text,true,,110983,114,61,61,https://evaly.com.bd/,79,0,0
1701263781867,2891,HTTP Request,200,OK,Thread Group 1-67,text,true,,110983,114,60,60,https://evaly.com.bd/,362,0,0
1701263782970,1788,HTTP Request,200,OK,Thread Group 1-59,text,true,,110983,114,60,60,https://evaly.com.bd/,73,0,0
1701263782179,2579,HTTP Request,200,OK,Thread Group 1-30,text,true,,110983,114,60,60,https://evaly.com.bd/,487,0,0
1701263778360,6472,HTTP Request,200,OK,Thread Group 1-45,text,true,,110983,114,58,58,https://evaly.com.bd/,1336,0,0
1701263783861,1038,HTTP Request,200,OK,Thread Group 1-81,text,true,,110983,114,57,57,https://evaly.com.bd/,136,0,0
1701263783631,1325,HTTP Request,200,OK,Thread Group 1-94,text,true,,110983,114,57,57,https://evaly.com.bd/,208,0,0
1701263782249,2733,HTTP Request,200,OK,Thread Group 1-80,text,true,,110989,114,57,57,https://evaly.com.bd/,677,0,0
1701263782553,2431,HTTP Request,200,OK,Thread Group 1-99,text,true,,110983,114,57,57,https://evaly.com.bd/,74,0,0
1701263782880,2106,HTTP Request,200,OK,Thread Group 1-51,text,true,,110983,114,57,57,https://evaly.com.bd/,69,0,0
1701263784064,990,HTTP Request,200,OK,Thread Group 1-93,text,true,,110983,114,56,56,https://evaly.com.bd/,76,0,0
1701263783194,1876,HTTP Request,200,OK,Thread Group 1-72,text,true,,110987,114,56,56,https://evaly.com.bd/,234,0,0
1701263780775,4297,HTTP Request,200,OK,Thread Group 1-78,text,true,,110983,114,55,55,https://evaly.com.bd/,1190,0,0
1701263780342,4809,HTTP Request,200,OK,Thread Group 1-55,text,true,,110982,114,55,55,https://evaly.com.bd/,73,0,0
1701263783089,2086,HTTP Request,200,OK,Thread Group 1-79,text,true,,110981,114,55,55,https://evaly.com.bd/,68,0,0
1701263780625,4562,HTTP Request,200,OK,Thread Group 1-53,text,true,,110983,114,55,55,https://evaly.com.bd/,1241,0,0
1701263782774,2454,HTTP Request,200,OK,Thread Group 1-75,text,true,,110987,114,54,54,https://evaly.com.bd/,81,0,0
1701263782427,2814,HTTP Request,200,OK,Thread Group 1-70,text,true,,110987,114,54,54,https://evaly.com.bd/,72,0,0
1701263783651,1629,HTTP Request,200,OK,Thread Group 1-68,text,true,,110992,114,54,54,https://evaly.com.bd/,193,0,0
1701263784437,846,HTTP Request,200,OK,Thread Group 1-43,text,true,,110983,114,54,54,https://evaly.com.bd/,78,0,0
1701263783736,1587,HTTP Request,200,OK,Thread Group 1-71,text,true,,110992,114,53,53,https://evaly.com.bd/,193,0,0
1701263778512,6850,HTTP Request,200,OK,Thread Group 1-21,text,true,,110983,114,53,53,https://evaly.com.bd/,74,0,0
1701263784625,875,HTTP Request,200,OK,Thread Group 1-97,text,true,,110987,114,52,52,https://evaly.com.bd/,76,0,0
1701263782686,2834,HTTP Request,200,OK,Thread Group 1-54,text,true,,110983,114,51,51,https://evaly.com.bd/,87,0,0
1701263783329,2194,HTTP Request,200,OK,Thread Group 1-91,text,true,,110983,114,51,51,https://evaly.com.bd/,85,0,0
1701263782921,2615,HTTP Request,200,OK,Thread Group 1-92,text,true,,110983,114,51,51,https://evaly.com.bd/,136,0,0
1701263780085,5473,HTTP Request,200,OK,Thread Group 1-98,text,true,,110983,114,51,51,https://evaly.com.bd/,337,0,141
1701263784471,1116,HTTP Request,200,OK,Thread Group 1-69,text,true,,110983,114,51,51,https://evaly.com.bd/,76,0,0
1701263784191,1404,HTTP Request,200,OK,Thread Group 1-84,text,true,,110987,114,51,51,https://evaly.com.bd/,76,0,0
1701263783964,1647,HTTP Request,200,OK,Thread Group 1-87,text,true,,110987,114,50,50,https://evaly.com.bd/,218,0,0
1701263784574,1158,HTTP Request,200,OK,Thread Group 1-90,text,true,,110987,114,50,50,https://evaly.com.bd/,203,0,0
1701263784184,1551,HTTP Request,200,OK,Thread Group 1-65,text,true,,110983,114,49,49,https://evaly.com.bd/,82,0,0
1701263783859,1882,HTTP Request,200,OK,Thread Group 1-74,text,true,,110992,114,49,49,https://evaly.com.bd/,89,0,0
1701263779450,6363,HTTP Request,200,OK,Thread Group 1-58,text,true,,110983,114,48,48,https://evaly.com.bd/,76,0,0
1701263784673,1159,HTTP Request,200,OK,Thread Group 1-100,text,true,,110987,114,48,48,https://evaly.com.bd/,85,0,0
1701263782199,3641,HTTP Request,200,OK,Thread Group 1-14,text,true,,110983,114,48,48,https://evaly.com.bd/,73,0,0
1701263782908,2962,HTTP Request,200,OK,Thread Group 1-26,text,true,,110983,114,47,47,https://evaly.com.bd/,147,0,0
1701263776084,9819,HTTP Request,200,OK,Thread Group 1-48,text,true,,110987,114,47,47,https://evaly.com.bd/,1018,0,472
1701263784055,1866,HTTP Request,200,OK,Thread Group 1-73,text,true,,110988,114,47,47,https://evaly.com.bd/,77,0,0
1701263784759,1194,HTTP Request,200,OK,Thread Group 1-67,text,true,,110987,114,47,47,https://evaly.com.bd/,376,0,0
1701263783602,2362,HTTP Request,200,OK,Thread Group 1-35,text,true,,110983,114,47,47,https://evaly.com.bd/,73,0,0
1701263784714,1294,HTTP Request,200,OK,Thread Group 1-76,text,true,,110983,114,46,46,https://evaly.com.bd/,83,0,0
1701263784527,1496,HTTP Request,200,OK,Thread Group 1-64,text,true,,110983,114,46,46,https://evaly.com.bd/,148,0,0
1701263783530,2505,HTTP Request,200,OK,Thread Group 1-52,text,true,,110983,114,45,45,https://evaly.com.bd/,130,0,0
1701263781015,5048,HTTP Request,200,OK,Thread Group 1-83,text,true,,110983,114,45,45,https://evaly.com.bd/,212,0,0
1701263783047,3039,HTTP Request,200,OK,Thread Group 1-85,text,true,,110987,114,45,45,https://evaly.com.bd/,91,0,0
1701263784539,1548,HTTP Request,200,OK,Thread Group 1-60,text,true,,110987,114,45,45,https://evaly.com.bd/,80,0,0
1701263784737,1350,HTTP Request,200,OK,Thread Group 1-89,text,true,,110983,114,45,45,https://evaly.com.bd/,71,0,0
1701263784536,1583,HTTP Request,200,OK,Thread Group 1-42,text,true,,110983,114,43,43,https://evaly.com.bd/,79,0,0
1701263782411,3712,HTTP Request,200,OK,Thread Group 1-19,text,true,,110983,114,42,42,https://evaly.com.bd/,275,0,0
1701263783773,2357,HTTP Request,200,OK,Thread Group 1-61,text,true,,110983,114,41,41,https://evaly.com.bd/,170,0,0
1701263782370,3775,HTTP Request,200,OK,Thread Group 1-33,text,true,,110983,114,41,41,https://evaly.com.bd/,352,0,0
1701263784899,1268,HTTP Request,200,OK,Thread Group 1-81,text,true,,110981,114,40,40,https://evaly.com.bd/,91,0,0
1701263784445,1727,HTTP Request,200,OK,Thread Group 1-77,text,true,,110987,114,39,39,https://evaly.com.bd/,79,0,0
1701263781997,4195,HTTP Request,200,OK,Thread Group 1-49,text,true,,110984,114,38,38,https://evaly.com.bd/,75,0,0
1701263781683,4534,HTTP Request,200,OK,Thread Group 1-41,text,true,,110983,114,37,37,https://evaly.com.bd/,328,0,0
1701263785523,780,HTTP Request,200,OK,Thread Group 1-91,text,true,,110983,114,36,36,https://evaly.com.bd/,82,0,0
1701263784985,1427,HTTP Request,200,OK,Thread Group 1-99,text,true,,110981,114,35,35,https://evaly.com.bd/,72,0,0
1701263782090,4354,HTTP Request,200,OK,Thread Group 1-82,text,true,,110983,114,35,35,https://evaly.com.bd/,686,0,0
1701263782499,3948,HTTP Request,200,OK,Thread Group 1-86,text,true,,110983,114,35,35,https://evaly.com.bd/,204,0,0
1701263785520,930,HTTP Request,200,OK,Thread Group 1-54,text,true,,110987,114,35,35,https://evaly.com.bd/,75,0,0
1701263785241,1301,HTTP Request,200,OK,Thread Group 1-70,text,true,,110983,114,34,34,https://evaly.com.bd/,201,0,0
1701263783569,3006,HTTP Request,200,OK,Thread Group 1-62,text,true,,110987,114,33,33,https://evaly.com.bd/,391,0,0
1701263783696,2879,HTTP Request,200,OK,Thread Group 1-88,text,true,,110983,114,33,33,https://evaly.com.bd/,1180,0,0
1701263785054,1529,HTTP Request,200,OK,Thread Group 1-93,text,true,,110987,114,32,32,https://evaly.com.bd/,206,0,0
1701263784982,1638,HTTP Request,200,OK,Thread Group 1-80,text,true,,110982,114,31,31,https://evaly.com.bd/,270,0,0
1701263785611,1015,HTTP Request,200,OK,Thread Group 1-87,text,true,,110981,114,31,31,https://evaly.com.bd/,75,0,0
1701263785813,827,HTTP Request,200,OK,Thread Group 1-58,text,true,,110983,114,30,30,https://evaly.com.bd/,69,0,0
1701263784568,2093,HTTP Request,200,OK,Thread Group 1-56,text,true,,110983,114,30,30,https://evaly.com.bd/,133,0,0
1701263785536,1137,HTTP Request,200,OK,Thread Group 1-92,text,true,,110983,114,29,29,https://evaly.com.bd/,72,0,0
1701263785152,1528,HTTP Request,200,OK,Thread Group 1-55,text,true,,110987,114,28,28,https://evaly.com.bd/,76,0,0
1701263785954,729,HTTP Request,200,OK,Thread Group 1-67,text,true,,110983,114,27,27,https://evaly.com.bd/,73,0,0
1701263784728,1957,HTTP Request,200,OK,Thread Group 1-96,text,true,,110993,114,26,26,https://evaly.com.bd/,73,0,0
1701263785280,1411,HTTP Request,200,OK,Thread Group 1-68,text,true,,110987,114,25,25,https://evaly.com.bd/,205,0,0
1701263785587,1146,HTTP Request,200,OK,Thread Group 1-69,text,true,,110983,114,24,24,https://evaly.com.bd/,72,0,0
1701263785229,1536,HTTP Request,200,OK,Thread Group 1-75,text,true,,110983,114,23,23,https://evaly.com.bd/,72,0,0
1701263786130,689,HTTP Request,200,OK,Thread Group 1-61,text,true,,110983,114,22,22,https://evaly.com.bd/,88,0,0
1701263785832,1077,HTTP Request,200,OK,Thread Group 1-100,text,true,,110981,114,21,21,https://evaly.com.bd/,76,0,0
1701263784956,1972,HTTP Request,200,OK,Thread Group 1-94,text,true,,110988,114,21,21,https://evaly.com.bd/,77,0,0
1701263785323,1623,HTTP Request,200,OK,Thread Group 1-71,text,true,,110983,114,20,20,https://evaly.com.bd/,200,0,0
1701263786086,871,HTTP Request,200,OK,Thread Group 1-85,text,true,,110981,114,19,19,https://evaly.com.bd/,73,0,0
1701263786063,900,HTTP Request,200,OK,Thread Group 1-83,text,true,,110983,114,19,19,https://evaly.com.bd/,75,0,0
1701263786008,978,HTTP Request,200,OK,Thread Group 1-76,text,true,,110983,114,19,19,https://evaly.com.bd/,75,0,0
1701263786035,961,HTTP Request,200,OK,Thread Group 1-52,text,true,,110983,114,18,18,https://evaly.com.bd/,72,0,0
1701263785175,1827,HTTP Request,200,OK,Thread Group 1-79,text,true,,110982,114,17,17,https://evaly.com.bd/,346,0,0
1701263785871,1159,HTTP Request,200,OK,Thread Group 1-26,text,true,,110983,114,16,16,https://evaly.com.bd/,208,0,0
1701263779280,7824,HTTP Request,200,OK,Thread Group 1-36,text,true,,110987,114,15,15,https://evaly.com.bd/,78,0,0
1701263786641,483,HTTP Request,200,OK,Thread Group 1-58,text,true,,110983,114,15,15,https://evaly.com.bd/,79,0,0
1701263786445,708,HTTP Request,200,OK,Thread Group 1-82,text,true,,110983,114,14,14,https://evaly.com.bd/,72,0,0
1701263786447,709,HTTP Request,200,OK,Thread Group 1-86,text,true,,110981,114,13,13,https://evaly.com.bd/,76,0,0
1701263785921,1249,HTTP Request,200,OK,Thread Group 1-73,text,true,,110982,114,13,13,https://evaly.com.bd/,370,0,0
1701263785904,1300,HTTP Request,200,OK,Thread Group 1-48,text,true,,110987,114,12,12,https://evaly.com.bd/,362,0,0
1701263786412,799,HTTP Request,200,OK,Thread Group 1-99,text,true,,110981,114,12,12,https://evaly.com.bd/,133,0,0
1701263785735,1499,HTTP Request,200,OK,Thread Group 1-65,text,true,,110981,114,11,11,https://evaly.com.bd/,74,0,0
1701263786620,617,HTTP Request,200,OK,Thread Group 1-80,text,true,,110987,114,10,10,https://evaly.com.bd/,66,0,0
1701263785073,2165,HTTP Request,200,OK,Thread Group 1-78,text,true,,110983,114,9,9,https://evaly.com.bd/,1242,0,0
1701263786576,735,HTTP Request,200,OK,Thread Group 1-88,text,true,,110983,114,9,9,https://evaly.com.bd/,69,0,0
1701263785558,1787,HTTP Request,200,OK,Thread Group 1-98,text,true,,110987,114,9,9,https://evaly.com.bd/,140,0,0
1701263786957,418,HTTP Request,200,OK,Thread Group 1-85,text,true,,110983,114,9,9,https://evaly.com.bd/,62,0,0
1701263786964,435,HTTP Request,200,OK,Thread Group 1-83,text,true,,110983,114,8,8,https://evaly.com.bd/,73,0,0
1701263786909,538,HTTP Request,200,OK,Thread Group 1-100,text,true,,110983,114,7,7,https://evaly.com.bd/,70,0,0
1701263787156,362,HTTP Request,200,OK,Thread Group 1-86,text,true,,110983,114,6,6,https://evaly.com.bd/,61,0,0
1701263787204,432,HTTP Request,200,OK,Thread Group 1-48,text,true,,110992,114,5,5,https://evaly.com.bd/,78,0,0
1701263787239,459,HTTP Request,200,OK,Thread Group 1-78,text,true,,110983,114,5,5,https://evaly.com.bd/,61,0,0
1701263787104,604,HTTP Request,200,OK,Thread Group 1-36,text,true,,110983,114,4,4,https://evaly.com.bd/,64,0,0
1701263787311,412,HTTP Request,200,OK,Thread Group 1-88,text,true,,110983,114,3,3,https://evaly.com.bd/,58,0,0
1701263787345,464,HTTP Request,200,OK,Thread Group 1-98,text,true,,110983,114,2,2,https://evaly.com.bd/,60,0,0
1701263787636,317,HTTP Request,200,OK,Thread Group 1-48,text,true,,110983,114,2,2,https://evaly.com.bd/,62,0,0
1701263787809,364,HTTP Request,200,OK,Thread Group 1-98,text,true,,110983,114,1,1,https://evaly.com.bd/,60,0,0
